Model,Precision,Recall,F1_Score
Isolation Forest,0.1035653650254669,0.5727699530516432,0.17541337167505391
One Class SVM,0.003832865471820341,1.0,0.007636461414358698
Random Forest,0.9,0.6126760563380281,0.729050279329609
